SalesID,SalePrice,MachineID,ModelID,datasource,auctioneerID,YearMade,MachineHoursCurrentMeter,UsageBand,saledate,fiModelDesc,fiBaseModel,fiSecondaryDesc,fiModelSeries,fiModelDescriptor,ProductSize,fiProductClassDesc,state,ProductGroup,ProductGroupDesc,Drive_System,Enclosure,Forks,Pad_Type,Ride_Control,Stick,Transmission,Turbocharged,Blade_Extension,Blade_Width,Enclosure_Type,Engine_Horsepower,Hydraulics,Pushblock,Ripper,Scarifier,Tip_Control,Tire_Size,Coupler,Coupler_System,Grouser_Tracks,Hydraulics_Flow,Track_Type,Undercarriage_Pad_Width,Stick_Length,Thumb,Pattern_Changer,Grouser_Type,Backhoe_Mounting,Blade_Type,Travel_Controls,Differential_Type,Steering_Controls
2250858,56000.0,1169282,3357,136,1.0,1000,0.0,,2009-05-27,12G,12,G,,,,Motorgrader - 130.0 to 145.0 Horsepower,Florida,MG,Motor Graders,No,EROPS,,,,,None or Unspecified,,None or Unspecified,14',None or Unspecified,No,Base + 1 Function,None or Unspecified,None or Unspecified,Yes,None or Unspecified,"17.5""",,,,,,,,,,,,,,,
1581436,13000.0,1449334,4821,132,3.0,1988,,,2005-11-17,790D,790,D,,,Large / Medium,"Hydraulic Excavator, Track - 21.0 to 24.0 Metric Tons",Unspecified,TEX,Track Excavators,,EROPS,,,,,,,,,,,Standard,,,,,,None or Unspecified,,,,Steel,None or Unspecified,None or Unspecified,None or Unspecified,None or Unspecified,Double,,,,,
4312184,62000.0,2299774,14382,172,1.0,2005,2787.0,Low,2012-02-12,624J,624,J,,,Medium,Wheel Loader - 150.0 to 175.0 Horsepower,Florida,WL,Wheel Loader,,EROPS w AC,Yes,,Yes,,,,,,,,2 Valve,,,,,20.5,None or Unspecified,,,,,,,,,,,,,Standard,Conventional
1675205,30500.0,1527100,14824,132,2.0,1988,,,1996-11-23,FL330,FL330,,,,Medium,Wheel Loader - 200.0 to 225.0 Horsepower,New York,WL,Wheel Loader,,EROPS,None or Unspecified,,None or Unspecified,,,,,,,,2 Valve,,,,,None or Unspecified,None or Unspecified,,,,,,,,,,,,,Standard,Conventional
1351286,13000.0,1127514,7511,132,2.0,1987,,,2005-01-30,E70,E70,,,,Mini,"Hydraulic Excavator, Track - 6.0 to 8.0 Metric Tons",Florida,TEX,Track Excavators,,EROPS,,,,,,,,,,,Standard,,,,,,None or Unspecified,,,,Steel,None or Unspecified,None or Unspecified,None or Unspecified,None or Unspecified,Double,,,,,
1797763,7750.0,1113145,9504,132,4.0,1995,,,2003-02-10,320,320,,,,Mini,"Hydraulic Excavator, Track - 0.0 to 2.0 Metric Tons",Florida,TEX,Track Excavators,,EROPS,,,,,,,,,,,Standard,,,,,,None or Unspecified,,,,Rubber,None or Unspecified,None or Unspecified,None or Unspecified,None or Unspecified,Double,,,,,
1178110,51000.0,1037538,18131,121,3.0,2005,1718.0,Medium,2008-03-20,EC140BLC,EC140,B,,LC,Small,"Hydraulic Excavator, Track - 14.0 to 16.0 Metric Tons",Nevada,TEX,Track Excavators,,EROPS w AC,,,,,,,,,,,Auxiliary,,,,,,Manual,,,,Steel,None or Unspecified,None or Unspecified,None or Unspecified,None or Unspecified,Double,,,,,
1642775,25000.0,1486884,4607,132,7.0,1995,,,2009-06-16,310SG,310,SG,,,,Backhoe Loader - 14.0 to 15.0 Ft Standard Digging Depth,Alabama,BL,Backhoe Loaders,Four Wheel Drive,OROPS,None or Unspecified,None or Unspecified,No,Standard,Standard,None or Unspecified,,,,,,,,,,,,,,,,,,,,,,,,,
1724184,30000.0,1495834,11861,132,1.0,1998,,,2007-12-06,SK200,SK200,,,,Small,"Hydraulic Excavator, Track - 16.0 to 19.0 Metric Tons",Texas,TEX,Track Excavators,,EROPS,,,,,,,,,,,Standard,,,,,,None or Unspecified,,,,Steel,None or Unspecified,"9' 8""",None or Unspecified,None or Unspecified,Double,,,,,
1524074,90000.0,531967,1177,132,4.0,1994,,,2011-02-10,320L,320,,,L,Large / Medium,"Hydraulic Excavator, Track - 21.0 to 24.0 Metric Tons",Florida,TEX,Track Excavators,,EROPS w AC,,,,,,,,,,,Standard,,,,,,None or Unspecified,,,,Steel,None or Unspecified,None or Unspecified,None or Unspecified,None or Unspecified,Double,,,,,
1391117,12500.0,1505560,7008,132,1.0,1976,,,2001-10-17,225,225,,,,Large / Medium,"Hydraulic Excavator, Track - 24.0 to 28.0 Metric Tons",Minnesota,TEX,Track Excavators,,EROPS,,,,,,,,,,,Standard,,,,,,None or Unspecified,,,,Steel,None or Unspecified,"9' 6""",Manual,None or Unspecified,Double,,,,,
1353590,71000.0,1322536,3824,132,1.0,1998,,,2004-12-02,950G,950,G,,,Medium,Wheel Loader - 175.0 to 200.0 Horsepower,Illinois,WL,Wheel Loader,,EROPS,None or Unspecified,,None or Unspecified,,,,,,,,2 Valve,,,,,23.5,None or Unspecified,,,,,,,,,,,,,Standard,Conventional
2684374,20000.0,1887996,5162,149,2.0,2005,0.0,,2011-01-29,214E,214,E,,,,Backhoe Loader - 14.0 to 15.0 Ft Standard Digging Depth,Florida,BL,Backhoe Loaders,Two Wheel Drive,OROPS,None or Unspecified,None or Unspecified,No,Standard,Standard,None or Unspecified,,,,,,,,,,,,,,,,,,,,,,,,,
1200910,16500.0,1021923,3178,121,3.0,1996,9181.0,Medium,2010-04-29,580SUPER L,580,SUPER L,,,,Backhoe Loader - 14.0 to 15.0 Ft Standard Digging Depth,Kentucky,BL,Backhoe Loaders,Four Wheel Drive,OROPS,None or Unspecified,None or Unspecified,No,Standard,Powershuttle,None or Unspecified,,,,,,,,,,,,,,,,,,,,,,,,,
2308199,28000.0,685097,1077,136,1.0,2006,1474.0,Medium,2009-09-21,304CCR,304,C,,CR,Mini,"Hydraulic Excavator, Track - 4.0 to 5.0 Metric Tons",Illinois,TEX,Track Excavators,,EROPS w AC,,,,,,,,,,,Auxiliary,,,,,,None or Unspecified,,,,Rubber,None or Unspecified,None or Unspecified,Manual,Yes,Double,,,,,
1369932,20000.0,1394759,4146,132,5.0,1973,,,1998-03-14,D8H,D8,H,,,Large,"Track Type Tractor, Dozer - 260.0 + Horsepower",Connecticut,TTT,Track Type Tractors,,OROPS,,,,,Standard,,,,,,2 Valve,,None or Unspecified,,,,,,,,,,,,,,None or Unspecified,None or Unspecified,None or Unspecified,,
1705638,11500.0,1126435,16017,132,2.0,2005,,,2009-01-24,MINI CX,MINI CX,,,,,Backhoe Loader - 0.0 to 14.0 Ft Standard Digging Depth,Georgia,BL,Backhoe Loaders,Two Wheel Drive,OROPS,None or Unspecified,None or Unspecified,No,Standard,Hydrostatic,None or Unspecified,,,,,,,,,,,,,,,,,,,,,,,,,
1407501,90000.0,1219564,77,132,19.0,1996,,,2000-03-31,950FII,950,F,II,,Medium,Wheel Loader - 150.0 to 175.0 Horsepower,Nevada,WL,Wheel Loader,,EROPS w AC,None or Unspecified,,None or Unspecified,,,,,,,,2 Valve,,,,,23.5,Manual,,,,,,,,,,,,,Standard,Conventional
1818264,9250.0,1487410,5561,132,4.0,1992,,,2000-02-09,BD2G,BD2,G,,,,"Track Type Tractor, Dozer - 20.0 to 75.0 Horsepower",Florida,TTT,Track Type Tractors,,OROPS,,,,,Powershift,,,,,,2 Valve,,None or Unspecified,,,,,,,,,,,,,,None or Unspecified,PAT,None or Unspecified,,
6320013,60000.0,1793871,5866,149,1.0,2002,,,2012-02-13,L120E,L120,E,,,Medium,Wheel Loader - 200.0 to 225.0 Horsepower,Florida,WL,Wheel Loader,,EROPS w AC,None or Unspecified,,None or Unspecified,,,,,,,,2 Valve,,,,,None or Unspecified,None or Unspecified,,,,,,,,,,,,,Standard,Conventional
2559497,15500.0,736633,3778,149,26.0,1992,0.0,,2010-09-08,926E,926,E,,,,Wheel Loader - 100.0 to 110.0 Horsepower,Alabama,WL,Wheel Loader,,EROPS,Yes,,None or Unspecified,,,,,,,,2 Valve,,,,,17.5,None or Unspecified,,,,,,,,,,,,,Standard,Conventional
1619811,12000.0,1396859,4602,132,8.0,1987,,,2002-05-29,310C,310,C,,,,Backhoe Loader - 14.0 to 15.0 Ft Standard Digging Depth,Mississippi,BL,Backhoe Loaders,Two Wheel Drive,OROPS,None or Unspecified,None or Unspecified,No,Standard,Standard,None or Unspecified,,,,,,,,,,,,,,,,,,,,,,,,,
1605766,28500.0,1521699,4699,132,4.0,1990,,,2004-02-09,544E,544,E,,,,Wheel Loader - 100.0 to 110.0 Horsepower,Florida,WL,Wheel Loader,,OROPS,None or Unspecified,,None or Unspecified,,,,,,,,2 Valve,,,,,None or Unspecified,None or Unspecified,,,,,,,,,,,,,Standard,Conventional
4321368,26000.0,2274983,4607,172,1.0,2001,3313.0,Medium,2012-04-24,310SG,310,SG,,,,Backhoe Loader - 14.0 to 15.0 Ft Standard Digging Depth,Pennsylvania,BL,Backhoe Loaders,Two Wheel Drive,EROPS w AC,None or Unspecified,None or Unspecified,No,Extended,Standard,None or Unspecified,,,,,,,,,,,,,,,,,,,,,,,,,
2642439,10000.0,1835294,22072,149,99.0,2005,1301.0,Medium,2011-04-05,317,317,,,,,Skid Steer Loader - 1601.0 to 1751.0 Lb Operating Capacity,California,SSL,Skid Steer Loaders,,OROPS,None or Unspecified,,,,,,,,,,Standard,,,,,,None or Unspecified,None or Unspecified,None or Unspecified,Standard,,,,,,,,,,,
2237614,10500.0,1670454,4137,136,,1967,0.0,,2007-09-12,D7E,D7,E,,,Large,"Track Type Tractor, Dozer - 190.0 to 260.0 Horsepower",Oklahoma,TTT,Track Type Tractors,,OROPS,,,,,Powershift,,,,,,2 Valve,,None or Unspecified,,,,,,,,,,,,,,None or Unspecified,Straight,None or Unspecified,,
1171275,15500.0,1038638,7009,121,3.0,2002,309.0,Low,2005-12-01,226,226,,,,,Skid Steer Loader - 1351.0 to 1601.0 Lb Operating Capacity,Illinois,SSL,Skid Steer Loaders,,OROPS,None or Unspecified,,,,,,,,,,Auxiliary,,,,,,None or Unspecified,None or Unspecified,None or Unspecified,Standard,,,,,,,,,,,
2546605,66000.0,185205,3362,149,1.0,1994,32291.0,High,2011-06-07,140G,140,G,,,,Motorgrader - 145.0 to 170.0 Horsepower,Colorado,MG,Motor Graders,No,EROPS w AC,,,,,None or Unspecified,,None or Unspecified,14',Low Profile,Variable,Base + 1 Function,Yes,Yes,None or Unspecified,Tip,None or Unspecified,,,,,,,,,,,,,,,
4313712,50000.0,2267276,4863,172,1.0,1999,9070.0,Medium,2012-03-21,TC54H,TC54,H,,,,Wheel Loader - 120.0 to 135.0 Horsepower,New Mexico,WL,Wheel Loader,,EROPS w AC,None or Unspecified,,Yes,,,,,,,,2 Valve,,,,,20.5,None or Unspecified,,,,,,,,,,,,,Standard,Conventional
2335644,35000.0,1074872,1910,136,99.0,2001,0.0,,2010-04-22,700HLGP,700,H,,LGP,Medium,"Track Type Tractor, Dozer - 105.0 to 130.0 Horsepower",South Carolina,TTT,Track Type Tractors,,OROPS,,,,,Standard,,,,,,2 Valve,,None or Unspecified,,,,,,,,,,,,,,None or Unspecified,PAT,None or Unspecified,,
1310239,115000.0,761149,3365,132,8.0,1996,,,2007-02-16,143H,143,H,,,,Motorgrader - 145.0 to 170.0 Horsepower,Florida,MG,Motor Graders,No,EROPS w AC,,,,,None or Unspecified,,None or Unspecified,None or Unspecified,High Profile,No,Base + 1 Function,None or Unspecified,None or Unspecified,Yes,None or Unspecified,None or Unspecified,,,,,,,,,,,,,,,
1495728,22000.0,417487,3537,132,1.0,1994,,,2001-03-21,416B,416,B,,,,Backhoe Loader - 14.0 to 15.0 Ft Standard Digging Depth,Texas,BL,Backhoe Loaders,Two Wheel Drive,EROPS w AC,None or Unspecified,None or Unspecified,No,Standard,Standard,None or Unspecified,,,,,,,,,,,,,,,,,,,,,,,,,
1329382,19000.0,884976,4089,132,13.0,1986,,,1999-05-22,D3B,D3,B,,,,"Track Type Tractor, Dozer - 20.0 to 75.0 Horsepower",Tennessee,TTT,Track Type Tractors,,OROPS,,,,,Standard,,,,,,2 Valve,,None or Unspecified,,,,,,,,,,,,,,None or Unspecified,PAT,None or Unspecified,,
1635849,47000.0,1400237,4806,132,9.0,2000,,,2005-02-16,750C,750,C,,,Medium,"Track Type Tractor, Dozer - 130.0 to 160.0 Horsepower",Florida,TTT,Track Type Tractors,,OROPS,,,,,Standard,,,,,,2 Valve,,None or Unspecified,,,,,,,,,,,,,,None or Unspecified,PAT,None or Unspecified,,
1448476,58000.0,664360,3362,132,99.0,1991,,,2009-08-04,140G,140,G,,,,Motorgrader - 145.0 to 170.0 Horsepower,Nebraska,MG,Motor Graders,No,EROPS w AC,,,,,None or Unspecified,,Yes,None or Unspecified,High Profile,No,Base + 5 Function,None or Unspecified,None or Unspecified,None or Unspecified,Tip,None or Unspecified,,,,,,,,,,,,,,,
6259100,33000.0,1862433,3172,149,2.0,2005,,,2011-08-23,580M,580,M,,,,Backhoe Loader - 14.0 to 15.0 Ft Standard Digging Depth,Texas,BL,Backhoe Loaders,Four Wheel Drive,EROPS w AC,None or Unspecified,None or Unspecified,No,Extended,Standard,None or Unspecified,,,,,,,,,,,,,,,,,,,,,,,,,
6286507,26000.0,1818853,4605,149,1.0,2005,,,2012-02-13,310G,310,G,,,,Backhoe Loader - 14.0 to 15.0 Ft Standard Digging Depth,Florida,BL,Backhoe Loaders,Two Wheel Drive,OROPS,None or Unspecified,None or Unspecified,No,Standard,Standard,None or Unspecified,,,,,,,,,,,,,,,,,,,,,,,,,
1425754,24000.0,1296175,4154,132,1.0,1972,,,1992-05-19,D9G,D9,G,,,Large,"Track Type Tractor, Dozer - 260.0 + Horsepower",Nevada,TTT,Track Type Tractors,,OROPS,,,,,Standard,,,,,,2 Valve,,Single Shank,,,,,,,,,,,,,,None or Unspecified,Straight,None or Unspecified,,
1898195,8000.0,1355224,11163,132,4.0,1997,,,2007-05-17,NS25,NS25,,,,Mini,"Hydraulic Excavator, Track - 3.0 to 4.0 Metric Tons",New Hampshire,TEX,Track Excavators,,EROPS,,,,,,,,,,,Standard,,,,,,None or Unspecified,,,,Rubber,None or Unspecified,None or Unspecified,None or Unspecified,None or Unspecified,Double,,,,,
6264839,25000.0,541581,3538,149,1.0,2000,,,2012-02-13,416C,416,C,,,,Backhoe Loader - 14.0 to 15.0 Ft Standard Digging Depth,Florida,BL,Backhoe Loaders,Four Wheel Drive,EROPS,None or Unspecified,None or Unspecified,No,Extended,Standard,None or Unspecified,,,,,,,,,,,,,,,,,,,,,,,,,
2208899,21000.0,1708723,3178,136,1.0,1000,0.0,,2008-03-13,580SUPER L,580,SUPER L,,,,Backhoe Loader - 14.0 to 15.0 Ft Standard Digging Depth,Nevada,BL,Backhoe Loaders,Two Wheel Drive,OROPS,None or Unspecified,None or Unspecified,No,Standard,Standard,None or Unspecified,,,,,,,,,,,,,,,,,,,,,,,,,
1347564,31000.0,31293,3803,132,12.0,1988,,,2000-03-21,936E,936,E,,,Medium,Wheel Loader - 135.0 to 150.0 Horsepower,South Carolina,WL,Wheel Loader,,EROPS,None or Unspecified,,None or Unspecified,,,,,,,,2 Valve,,,,,None or Unspecified,None or Unspecified,,,,,,,,,,,,,Standard,Conventional
2352588,11000.0,1690907,4640,136,1.0,1991,0.0,,2009-04-01,410D,410,D,,,,Backhoe Loader - 15.0 to 16.0 Ft Standard Digging Depth,Maryland,BL,Backhoe Loaders,Two Wheel Drive,OROPS,None or Unspecified,None or Unspecified,No,Extended,Standard,None or Unspecified,,,,,,,,,,,,,,,,,,,,,,,,,
1714942,24000.0,1175450,5162,132,1.0,2002,,,2006-11-09,214E,214,E,,,,Backhoe Loader - 14.0 to 15.0 Ft Standard Digging Depth,Tennessee,BL,Backhoe Loaders,Four Wheel Drive,OROPS,None or Unspecified,None or Unspecified,No,Standard,Standard,None or Unspecified,,,,,,,,,,,,,,,,,,,,,,,,,
1152503,29000.0,509838,1158,121,3.0,1997,11507.0,Medium,2010-02-25,320BL,320,B,,L,Large / Medium,"Hydraulic Excavator, Track - 21.0 to 24.0 Metric Tons",California,TEX,Track Excavators,,EROPS w AC,,,,,,,,,,,Standard,,,,,,None or Unspecified,,,,Steel,32 inch,None or Unspecified,None or Unspecified,Yes,Double,,,,,
2242411,20500.0,724452,3538,136,1.0,1000,0.0,,2009-09-29,416C,416,C,,,,Backhoe Loader - 14.0 to 15.0 Ft Standard Digging Depth,California,BL,Backhoe Loaders,Four Wheel Drive,OROPS,None or Unspecified,Reversible,No,Extended,Standard,Yes,,,,,,,,,,,,,,,,,,,,,,,,,
2394376,43000.0,1423469,16151,136,1.0,1995,0.0,,2009-09-10,85ZV,85,Z,V,,Medium,Wheel Loader - 225.0 to 250.0 Horsepower,Georgia,WL,Wheel Loader,,EROPS w AC,None or Unspecified,,None or Unspecified,,,,,,,,2 Valve,,,,,26.5,None or Unspecified,,,,,,,,,,,,,Standard,Conventional
1723234,66000.0,1169984,2144,132,1.0,2000,,,2002-12-04,SK210LC,SK210,,,LC,Large / Medium,"Hydraulic Excavator, Track - 21.0 to 24.0 Metric Tons",Washington,TEX,Track Excavators,,EROPS w AC,,,,,,,,,,,Standard,,,,,,Manual,,,,Steel,None or Unspecified,None or Unspecified,Manual,None or Unspecified,Double,,,,,
1437008,14500.0,1110826,1532,132,4.0,1989,,,2003-02-10,D3CLGP,D3,C,,LGP,,"Track Type Tractor, Dozer - 20.0 to 75.0 Horsepower",Florida,TTT,Track Type Tractors,,OROPS,,,,,Standard,,,,,,2 Valve,,None or Unspecified,,,,,,,,,,,,,,None or Unspecified,PAT,None or Unspecified,,
1613525,85000.0,1127776,14406,132,1.0,2005,,,2008-11-18,672D,672,D,,,,Motorgrader - 170.0 to 200.0 Horsepower,California,MG,Motor Graders,All Wheel Drive,EROPS w AC,,,,,None or Unspecified,,None or Unspecified,14',None or Unspecified,No,Base + 1 Function,Yes,Yes,None or Unspecified,None or Unspecified,None or Unspecified,,,,,,,,,,,,,,,
2298055,31500.0,405513,4093,136,5.0,2003,4330.0,High,2007-03-21,D3G,D3,G,,,,"Track Type Tractor, Dozer - 20.0 to 75.0 Horsepower",New Jersey,TTT,Track Type Tractors,,OROPS,,,,,Hydrostatic,,,,,,2 Valve,,None or Unspecified,,,,,,,,,,,,,,None or Unspecified,PAT,None or Unspecified,,
2349474,24000.0,1695110,4605,136,,2002,2109.0,Medium,2007-12-01,310G,310,G,,,,Backhoe Loader - 14.0 to 15.0 Ft Standard Digging Depth,California,BL,Backhoe Loaders,Two Wheel Drive,OROPS,None or Unspecified,None or Unspecified,No,Extended,Standard,None or Unspecified,,,,,,,,,,,,,,,,,,,,,,,,,
1299976,27000.0,52356,1605,132,9.0,1985,,,2001-02-21,D6DLGP,D6,D,,LGP,Medium,"Track Type Tractor, Dozer - 130.0 to 160.0 Horsepower",Florida,TTT,Track Type Tractors,,OROPS,,,,,Standard,,,,,,2 Valve,,None or Unspecified,,,,,,,,,,,,,,None or Unspecified,None or Unspecified,None or Unspecified,,
2440050,36000.0,1771537,26351,136,1.0,2005,0.0,,2008-04-10,DC75,DC75,,,,,"Track Type Tractor, Dozer - 75.0 to 85.0 Horsepower",Tennessee,TTT,Track Type Tractors,,OROPS,,,,,Standard,,,,,,2 Valve,,None or Unspecified,,,,,,,,,,,,,,None or Unspecified,PAT,None or Unspecified,,
1399752,94000.0,1271149,1611,132,1.0,1996,,,1999-08-26,D6HIILGP,D6,H,II,LGP,Medium,"Track Type Tractor, Dozer - 160.0 to 190.0 Horsepower",Texas,TTT,Track Type Tractors,,EROPS w AC,,,,,Standard,,,,,,2 Valve,,None or Unspecified,,,,,,,,,,,,,,None or Unspecified,Straight,None or Unspecified,,
1191008,17500.0,1020339,11865,121,3.0,1997,4968.0,Low,2009-06-11,SK300LC,SK300,LC,,,Large / Medium,"Hydraulic Excavator, Track - 28.0 to 33.0 Metric Tons",Georgia,TEX,Track Excavators,,EROPS,,,,,,,,,,,Standard,,,,,,None or Unspecified,,,,Steel,32 inch,None or Unspecified,None or Unspecified,None or Unspecified,Double,,,,,
1160262,18000.0,1000179,1177,121,3.0,1000,0.0,,2011-06-02,320L,320,,,L,Large / Medium,"Hydraulic Excavator, Track - 21.0 to 24.0 Metric Tons",New Mexico,TEX,Track Excavators,,EROPS,,,,,,,,,,,Standard,,,,,,None or Unspecified,,,,Steel,24 inch,None or Unspecified,None or Unspecified,Yes,Triple,,,,,
1176608,69000.0,785800,3786,121,3.0,2005,1085.0,Low,2008-01-31,930G,930,G,,,Medium,Wheel Loader - 135.0 to 150.0 Horsepower,Florida,WL,Wheel Loader,,OROPS,None or Unspecified,,None or Unspecified,,,,,,,,2 Valve,,,,,20.5,None or Unspecified,,,,,,,,,,,,,Standard,Conventional
1811391,17000.0,1554111,17318,132,1.0,2004,1623.0,Medium,2008-02-22,T250,T250,,,,,Skid Steer Loader - 2701.0+ Lb Operating Capacity,Florida,SSL,Skid Steer Loaders,,OROPS,None or Unspecified,,,,,,,,,,Standard,,,,,,None or Unspecified,None or Unspecified,None or Unspecified,Standard,,,,,,,,,,,
4314225,31000.0,2304973,14308,172,1.0,2000,8892.0,Medium,2011-02-15,330LC,330,,,LC,Large / Medium,"Hydraulic Excavator, Track - 33.0 to 40.0 Metric Tons",Florida,TEX,Track Excavators,,EROPS w AC,,,,,,,,,,,Standard,,,,,,None or Unspecified,,,,Steel,None or Unspecified,None or Unspecified,None or Unspecified,None or Unspecified,Double,,,,,
4388051,78000.0,2290661,36526,172,1.0,2008,10.0,Low,2009-09-22,TX300LC2,TX300,LC,2,,Large / Medium,"Hydraulic Excavator, Track - 28.0 to 33.0 Metric Tons",North Carolina,TEX,Track Excavators,,EROPS w AC,,,,,,,,,,,Auxiliary,,,,,,None or Unspecified,,,,Steel,None or Unspecified,None or Unspecified,None or Unspecified,None or Unspecified,Double,,,,,
4414833,9000.0,1513671,21438,172,1.0,2004,1693.0,Low,2009-11-12,35NX,35,NX,,,Mini,"Hydraulic Excavator, Track - 3.0 to 4.0 Metric Tons",Georgia,TEX,Track Excavators,,EROPS,,,,,,,,,,,Auxiliary,,,,,,None or Unspecified,,,,Rubber,None or Unspecified,None or Unspecified,None or Unspecified,None or Unspecified,Double,,,,,
1579472,23000.0,1501788,4725,132,1.0,1991,,,2004-09-28,590D,590,D,,,Small,"Hydraulic Excavator, Track - 14.0 to 16.0 Metric Tons",Illinois,TEX,Track Excavators,,EROPS,,,,,,,,,,,Standard,,,,,,None or Unspecified,,,,Steel,None or Unspecified,None or Unspecified,None or Unspecified,None or Unspecified,Double,,,,,
1637588,63500.0,1401628,4764,132,4.0,2000,,,2004-02-09,650H,650,H,,,,"Track Type Tractor, Dozer - 85.0 to 105.0 Horsepower",Florida,TTT,Track Type Tractors,,OROPS,,,,,Standard,,,,,,2 Valve,,None or Unspecified,,,,,,,,,,,,,,None or Unspecified,None or Unspecified,None or Unspecified,,
1692462,30000.0,1365782,1989,132,1.0,1995,,,2006-06-27,EX200LC,EX200,,,LC,Large / Medium,"Hydraulic Excavator, Track - 19.0 to 21.0 Metric Tons",North Carolina,TEX,Track Excavators,,EROPS w AC,,,,,,,,,,,Standard,,,,,,None or Unspecified,,,,Steel,None or Unspecified,"9' 6""",None or Unspecified,None or Unspecified,Double,,,,,
4325423,64000.0,2284836,24625,172,1.0,2006,4342.0,Medium,2011-07-28,850JLGP,850,J,,LGP,Medium,"Track Type Tractor, Dozer - 160.0 to 190.0 Horsepower",Connecticut,TTT,Track Type Tractors,,EROPS w AC,,,,,Standard,,,,,,2 Valve,,Multi Shank,,,,,,,,,,,,,,None or Unspecified,PAT,None or Unspecified,,
1483412,12500.0,1179641,6974,132,20.0,1966,,,2000-04-11,120,120,,,,,Motorgrader - 45.0 to 130.0 Horsepower,Arkansas,MG,Motor Graders,No,EROPS,,,,,None or Unspecified,,None or Unspecified,None or Unspecified,None or Unspecified,No,Base + 1 Function,None or Unspecified,None or Unspecified,Yes,Sideshift & Tip,None or Unspecified,,,,,,,,,,,,,,,
1160806,55000.0,1032467,1910,121,3.0,2003,3425.0,Medium,2007-01-25,700HLGP,700,H,,LGP,Medium,"Track Type Tractor, Dozer - 105.0 to 130.0 Horsepower",Florida,TTT,Track Type Tractors,,OROPS,,,,,Hydrostatic,,,,,,2 Valve,,None or Unspecified,,,,,,,,,,,,,,None or Unspecified,PAT,None or Unspecified,,
1775469,14000.0,1342889,5265,132,1.0,1994,3238.0,Low,2010-05-13,D37P,D37,P,,,,"Track Type Tractor, Dozer - 75.0 to 85.0 Horsepower",Illinois,TTT,Track Type Tractors,,OROPS,,,,,Standard,,,,,,2 Valve,,None or Unspecified,,,,,,,,,,,,,,None or Unspecified,PAT,None or Unspecified,,
6270642,122500.0,1094702,3371,149,1.0,1990,,,2011-12-06,14G,14,G,,,,Motorgrader - 145.0 to 170.0 Horsepower,Missouri,MG,Motor Graders,No,EROPS w AC,,,,,None or Unspecified,,None or Unspecified,14',Low Profile,No,Base + 1 Function,Yes,Yes,None or Unspecified,None or Unspecified,"20.5""",,,,,,,,,,,,,,,
2234990,30000.0,1190477,1263,136,2.0,2001,0.0,,2009-03-19,330BL,330,B,,L,Large / Medium,"Hydraulic Excavator, Track - 33.0 to 40.0 Metric Tons",New Jersey,TEX,Track Excavators,,EROPS,,,,,,,,,,,Auxiliary,,,,,,None or Unspecified,,,,Steel,None or Unspecified,"10' 10""",None or Unspecified,None or Unspecified,Double,,,,,
1281402,25500.0,1443178,3170,132,14.0,1988,,,1996-09-12,580K,580,K,,,,Backhoe Loader - 14.0 to 15.0 Ft Standard Digging Depth,Indiana,BL,Backhoe Loaders,Four Wheel Drive,EROPS,None or Unspecified,None or Unspecified,No,Extended,Standard,None or Unspecified,,,,,,,,,,,,,,,,,,,,,,,,,
1178986,14000.0,1060961,3398,121,3.0,2005,1152.0,Medium,2008-04-24,216B,216,B,,,,Skid Steer Loader - 1251.0 to 1351.0 Lb Operating Capacity,Colorado,SSL,Skid Steer Loaders,,EROPS,None or Unspecified,,,,,,,,,,Auxiliary,,,,,,Manual,None or Unspecified,None or Unspecified,Standard,,,,,,,,,,,
1185076,10500.0,1025769,9578,121,3.0,2005,1416.0,High,2008-12-04,S185,S185,,,,,Skid Steer Loader - Unidentified,California,SSL,Skid Steer Loaders,,OROPS,None or Unspecified,,,,,,,,,,Auxiliary,,,,,,Manual,Yes,None or Unspecified,Standard,,,,,,,,,,,
1271801,8250.0,1202487,6633,132,6.0,1996,,,1998-07-23,1840,1840,,,,,Skid Steer Loader - 1351.0 to 1601.0 Lb Operating Capacity,Texas,SSL,Skid Steer Loaders,,OROPS,None or Unspecified,,,,,,,,,,Standard,,,,,,None or Unspecified,None or Unspecified,None or Unspecified,Standard,,,,,,,,,,,
1731854,9250.0,1425873,23749,132,2.0,1999,,,2006-02-10,PC27,PC27,,,,Mini,"Hydraulic Excavator, Track - 2.0 to 3.0 Metric Tons",Florida,TEX,Track Excavators,,EROPS,,,,,,,,,,,Standard,,,,,,None or Unspecified,,,,Steel,None or Unspecified,None or Unspecified,None or Unspecified,None or Unspecified,Double,,,,,
2345821,9500.0,1766938,8016,136,1.0,2000,0.0,,2008-09-16,260,260,,,,,Skid Steer Loader - 1751.0 to 2201.0 Lb Operating Capacity,Washington,SSL,Skid Steer Loaders,,EROPS,None or Unspecified,,,,,,,,,,Auxiliary,,,,,,None or Unspecified,None or Unspecified,None or Unspecified,High Flow,,,,,,,,,,,
1643503,23500.0,1293920,4605,132,3.0,2005,,,2010-10-28,310G,310,G,,,,Backhoe Loader - 14.0 to 15.0 Ft Standard Digging Depth,California,BL,Backhoe Loaders,Four Wheel Drive,OROPS,None or Unspecified,None or Unspecified,No,Extended,Standard,None or Unspecified,,,,,,,,,,,,,,,,,,,,,,,,,
1582310,23000.0,1279795,28842,132,1.0,2005,,,2009-09-17,80C,80,C,,,Mini,"Hydraulic Excavator, Track - 6.0 to 8.0 Metric Tons",Ohio,TEX,Track Excavators,,EROPS,,,,,,,,,,,Standard,,,,,,None or Unspecified,,,,Steel,None or Unspecified,None or Unspecified,None or Unspecified,None or Unspecified,Double,,,,,
2520329,33500.0,1215428,3782,149,15.0,1994,0.0,,2010-07-15,928F,928,F,,,,Wheel Loader - 120.0 to 135.0 Horsepower,Pennsylvania,WL,Wheel Loader,,EROPS,None or Unspecified,,None or Unspecified,,,,,,,,2 Valve,,,,,None or Unspecified,None or Unspecified,,,,,,,,,,,,,Standard,Conventional
1549186,28500.0,1115335,23162,132,99.0,2003,405.0,Low,2009-11-18,312CL,312,C,,L,Small,"Hydraulic Excavator, Track - 12.0 to 14.0 Metric Tons",Arizona,TEX,Track Excavators,,EROPS w AC,,,,,,,,,,,Standard,,,,,,Hydraulic,,,,Steel,None or Unspecified,None or Unspecified,None or Unspecified,None or Unspecified,Double,,,,,
1642806,34000.0,1480697,4605,132,2.0,2004,,,2008-02-03,310G,310,G,,,,Backhoe Loader - 14.0 to 15.0 Ft Standard Digging Depth,Florida,BL,Backhoe Loaders,Four Wheel Drive,OROPS,None or Unspecified,None or Unspecified,No,Extended,Standard,None or Unspecified,,,,,,,,,,,,,,,,,,,,,,,,,
2568628,57000.0,1105972,1625,149,1.0,2004,11360.0,High,2011-03-30,D6NLGP,D6,N,,LGP,Medium,"Track Type Tractor, Dozer - 130.0 to 160.0 Horsepower",North Carolina,TTT,Track Type Tractors,,EROPS w AC,,,,,Powershift,,,,,,4 Valve,,Single Shank,,,,,,,,,,,,,,None or Unspecified,VPAT,Differential Steer,,
2282600,39000.0,1438518,13403,136,2.0,2000,0.0,,2007-08-10,313BCR,313,B,,CR,Small,"Hydraulic Excavator, Track - 12.0 to 14.0 Metric Tons",South Carolina,TEX,Track Excavators,,EROPS w AC,,,,,,,,,,,Standard,,,,,,None or Unspecified,,,,Steel,28 inch,None or Unspecified,None or Unspecified,None or Unspecified,Double,,,,,
2268005,25000.0,717624,7291,136,1.0,1000,0.0,,2009-05-20,988,988,,,,Large,Wheel Loader - 350.0 to 500.0 Horsepower,California,WL,Wheel Loader,,EROPS,None or Unspecified,,None or Unspecified,,,,,,,,2 Valve,,,,,29.5,None or Unspecified,,,,,,,,,,,,,Standard,Conventional
1732603,23000.0,1365396,590,132,7.0,1991,,,2002-06-06,WA250-1,WA250,,-1,,,Wheel Loader - 120.0 to 135.0 Horsepower,Alabama,WL,Wheel Loader,,EROPS,None or Unspecified,,None or Unspecified,,,,,,,,2 Valve,,,,,20.5,None or Unspecified,,,,,,,,,,,,,Standard,Conventional
4278836,8500.0,1464561,7277,172,1.0,1971,0.0,,2009-06-02,950,950,,,,Medium,Wheel Loader - 150.0 to 175.0 Horsepower,Idaho,WL,Wheel Loader,,EROPS,None or Unspecified,,None or Unspecified,,,,,,,,2 Valve,,,,,20.5,None or Unspecified,,,,,,,,,,,,,Standard,Conventional
6312162,12000.0,1883637,9580,149,1.0,2006,,,2012-02-13,T190,T190,,,,,Skid Steer Loader - 1751.0 to 2201.0 Lb Operating Capacity,Florida,SSL,Skid Steer Loaders,,OROPS,None or Unspecified,,,,,,,,,,Auxiliary,,,,,,None or Unspecified,None or Unspecified,None or Unspecified,Standard,,,,,,,,,,,
1211685,48000.0,1065042,22805,121,3.0,2004,7413.0,Medium,2011-02-24,EC210BLC,EC210,B,,LC,Large / Medium,"Hydraulic Excavator, Track - 21.0 to 24.0 Metric Tons",North Carolina,TEX,Track Excavators,,EROPS w AC,,,,,,,,,,,Standard,,,,,,None or Unspecified,,,,Steel,None or Unspecified,None or Unspecified,None or Unspecified,None or Unspecified,Double,,,,,
6308490,12500.0,1933409,16762,149,1.0,2006,,,2011-11-02,B21TLB,B21,,,TLB,,Backhoe Loader - 0.0 to 14.0 Ft Standard Digging Depth,Maryland,BL,Backhoe Loaders,Two Wheel Drive,OROPS,None or Unspecified,None or Unspecified,No,Standard,Standard,None or Unspecified,,,,,,,,,,,,,,,,,,,,,,,,,
2574129,18500.0,313498,3759,149,1.0,2007,4712.0,High,2010-09-29,904B,904,B,,,Compact,Wheel Loader - 40.0 to 60.0 Horsepower,Texas,WL,Wheel Loader,,EROPS w AC,None or Unspecified,,None or Unspecified,,,,,,,,2 Valve,,,,,None or Unspecified,Manual,,,,,,,,,,,,,Standard,Conventional
1277585,40000.0,1222908,3199,132,11.0,1993,,,2000-12-06,621B,621,B,,,,Wheel Loader - 120.0 to 135.0 Horsepower,Mississippi,WL,Wheel Loader,,EROPS w AC,None or Unspecified,,None or Unspecified,,,,,,,,2 Valve,,,,,None or Unspecified,None or Unspecified,,,,,,,,,,,,,Standard,Conventional
1291032,19000.0,1347405,3178,132,1.0,1996,,,2008-07-24,580SUPER L,580,SUPER L,,,,Backhoe Loader - 14.0 to 15.0 Ft Standard Digging Depth,Tennessee,BL,Backhoe Loaders,Four Wheel Drive,OROPS,None or Unspecified,None or Unspecified,No,Standard,Standard,None or Unspecified,,,,,,,,,,,,,,,,,,,,,,,,,
1463709,27500.0,1338760,7057,132,2.0,1993,,,2004-08-12,312,312,,,,Small,"Hydraulic Excavator, Track - 12.0 to 14.0 Metric Tons",Texas,TEX,Track Excavators,,EROPS w AC,,,,,,,,,,,Standard,,,,,,None or Unspecified,,,,Steel,20 inch,None or Unspecified,None or Unspecified,None or Unspecified,Double,,,,,
2640589,9500.0,1790705,8009,149,1.0,2000,0.0,,2010-03-30,250,250,,,,,Skid Steer Loader - 1601.0 to 1751.0 Lb Operating Capacity,Maryland,SSL,Skid Steer Loaders,,OROPS,None or Unspecified,,,,,,,,,,Standard,,,,,,None or Unspecified,None or Unspecified,None or Unspecified,High Flow,,,,,,,,,,,
4408599,17000.0,2300578,20090,172,1.0,2005,3898.0,Medium,2012-03-07,TB145,TB145,,,,Mini,"Hydraulic Excavator, Track - 4.0 to 5.0 Metric Tons",Texas,TEX,Track Excavators,,EROPS w AC,,,,,,,,,,,Auxiliary,,,,,,None or Unspecified,,,,Rubber,None or Unspecified,None or Unspecified,Hydraulic,None or Unspecified,Double,,,,,
1690271,40000.0,1368788,11587,132,2.0,1990,,,1997-02-05,EX120-2,EX120,,-2,,Small,"Hydraulic Excavator, Track - 12.0 to 14.0 Metric Tons",Florida,TEX,Track Excavators,,EROPS,,,,,,,,,,,Standard,,,,,,None or Unspecified,,,,Steel,28 inch,None or Unspecified,None or Unspecified,None or Unspecified,Double,,,,,
1222277,9000.0,1021832,25020,121,3.0,1997,1972.0,Low,2011-12-16,555E,555,,,E,,Backhoe Loader - Unidentified,Oregon,BL,Backhoe Loaders,Two Wheel Drive,EROPS,None or Unspecified,None or Unspecified,No,Standard,Standard,None or Unspecified,,,,,,,,,,,,,,,,,,,,,,,,,
1364708,9000.0,1171235,7289,132,22.0,1969,,,2004-12-04,980,980,,,,Medium,Wheel Loader - 275.0 to 350.0 Horsepower,Minnesota,WL,Wheel Loader,,OROPS,None or Unspecified,,None or Unspecified,,,,,,,,2 Valve,,,,,None or Unspecified,None or Unspecified,,,,,,,,,,,,,Standard,Conventional
2397265,12000.0,202005,9118,136,1.0,1000,0.0,,2007-04-28,WA400,WA400,,,,Medium,Wheel Loader - 200.0 to 225.0 Horsepower,New York,WL,Wheel Loader,,EROPS,,,,,,,,,,,Standard,,,,,,None or Unspecified,,,,,,,,,,,,,,
